query_type,duration
update_seq_scan_issue_by_id,0.093318
update_seq_scan_issue_by_id,0.0034
update_seq_scan_issue_by_id,0.004325
update_seq_scan_issue_by_id,0.003952
update_seq_scan_issue_by_id,0.005993
update_seq_scan_issue_by_id,0.004624
update_seq_scan_issue_by_id,0.002959
update_seq_scan_issue_by_id,0.003003
update_seq_scan_issue_by_id,0.001999
update_seq_scan_issue_by_id,0.001999
update_seq_scan_issue_by_id,0.002595
update_seq_scan_issue_by_id,0.003967
update_seq_scan_issue_by_id,0.002658
update_seq_scan_issue_by_id,0.002343
update_seq_scan_issue_by_id,0.002001
update_seq_scan_issue_by_id,0.002313
update_seq_scan_issue_by_id,0.003332
update_seq_scan_issue_by_id,0.007053
update_seq_scan_issue_by_id,0.0025
update_seq_scan_issue_by_id,0.002
update_seq_scan_issue_by_id,0.002001
update_seq_scan_issue_by_id,0.002562
update_seq_scan_issue_by_id,0.003501
update_seq_scan_issue_by_id,0.002
update_seq_scan_issue_by_id,0.001999
update_seq_scan_issue_by_id,0.001999
update_seq_scan_issue_by_id,0.002001
update_seq_scan_issue_by_id,0.002086
update_seq_scan_issue_by_id,0.003499
update_seq_scan_issue_by_id,0.0025
update_seq_scan_issue_by_id,0.002077
update_seq_scan_issue_by_id,0.001999
update_seq_scan_issue_by_id,0.002501
update_seq_scan_issue_by_id,0.002855
update_seq_scan_issue_by_id,0.003498
update_seq_scan_issue_by_id,0.002501
update_seq_scan_issue_by_id,0.001998
update_seq_scan_issue_by_id,0.002502
update_seq_scan_issue_by_id,0.001999
update_seq_scan_issue_by_id,0.002415
update_seq_scan_issue_by_id,0.003001
update_seq_scan_issue_by_id,0.0025
update_seq_scan_issue_by_id,0.002
update_seq_scan_issue_by_id,0.001999
update_seq_scan_issue_by_id,0.001501
update_seq_scan_issue_by_id,0.002502
update_seq_scan_issue_by_id,0.003999
update_seq_scan_issue_by_id,0.004491
update_seq_scan_issue_by_id,0.002392
update_seq_scan_issue_by_id,0.002001
update_seq_scan_issue_by_id,0.001998
update_seq_scan_issue_by_id,0.001738
update_seq_scan_issue_by_id,0.001999
update_seq_scan_issue_by_id,0.003001
update_seq_scan_issue_by_id,0.002
update_seq_scan_issue_by_id,0.002498
update_seq_scan_issue_by_id,0.002393
update_seq_scan_issue_by_id,0.0025
update_seq_scan_issue_by_id,0.003
update_seq_scan_issue_by_id,0.003499
update_seq_scan_issue_by_id,0.002503
update_seq_scan_issue_by_id,0.0025
update_seq_scan_issue_by_id,0.0025
update_seq_scan_issue_by_id,0.003003
update_seq_scan_issue_by_id,0.004502
update_seq_scan_issue_by_id,0.002479
update_seq_scan_issue_by_id,0.014011
update_seq_scan_issue_by_id,0.00244
update_seq_scan_issue_by_id,0.002129
update_seq_scan_issue_by_id,0.002231
update_seq_scan_issue_by_id,0.002155
update_seq_scan_issue_by_id,0.003842
update_seq_scan_issue_by_id,0.002861
update_seq_scan_issue_by_id,0.002353
update_seq_scan_issue_by_id,0.00246
update_seq_scan_issue_by_id,0.002772
update_seq_scan_issue_by_id,0.003
update_seq_scan_issue_by_id,0.003146
update_seq_scan_issue_by_id,0.003999
update_seq_scan_issue_by_id,0.002858
update_seq_scan_issue_by_id,0.004
update_seq_scan_issue_by_id,0.003018
update_seq_scan_issue_by_id,0.002502
update_seq_scan_issue_by_id,0.002997
update_seq_scan_issue_by_id,0.004364
update_seq_scan_issue_by_id,0.0025
update_seq_scan_issue_by_id,0.004534
update_seq_scan_issue_by_id,0.003184
update_seq_scan_issue_by_id,0.002119
update_seq_scan_issue_by_id,0.001851
update_seq_scan_issue_by_id,0.00247
update_seq_scan_issue_by_id,0.0045
update_seq_scan_issue_by_id,0.0025
update_seq_scan_issue_by_id,0.002
update_seq_scan_issue_by_id,0.002
update_seq_scan_issue_by_id,0.0025
update_seq_scan_issue_by_id,0.003501
update_seq_scan_issue_by_id,0.002501
update_seq_scan_issue_by_id,0.002498
update_seq_scan_issue_by_id,0.002002
update_seq_scan_issue_by_id,0.0025
update_seq_scan_issue_by_id,0.026748
update_seq_scan_issue_by_id,0.0035
update_seq_scan_issue_by_id,0.005272
update_seq_scan_issue_by_id,0.0045
update_seq_scan_issue_by_id,0.002502
update_seq_scan_issue_by_id,0.002498
update_seq_scan_issue_by_id,0.002999
update_seq_scan_issue_by_id,0.003002
update_seq_scan_issue_by_id,0.0035
update_seq_scan_issue_by_id,0.002998
update_seq_scan_issue_by_id,0.002201
update_seq_scan_issue_by_id,0.020192
update_seq_scan_issue_by_id,0.002919
update_seq_scan_issue_by_id,0.013568
update_seq_scan_issue_by_id,0.003037
update_seq_scan_issue_by_id,0.005938
update_seq_scan_issue_by_id,0.0042
update_seq_scan_issue_by_id,0.020034
update_seq_scan_issue_by_id,0.011313
update_seq_scan_issue_by_id,0.00606
update_seq_scan_issue_by_id,0.021812
update_seq_scan_issue_by_id,0.008753
update_seq_scan_issue_by_id,0.002998
update_seq_scan_issue_by_id,0.006851
update_seq_scan_issue_by_id,0.003714
update_seq_scan_issue_by_id,0.002499
update_seq_scan_issue_by_id,0.002689
update_seq_scan_issue_by_id,0.003892
update_seq_scan_issue_by_id,0.002003
update_seq_scan_issue_by_id,0.001999
update_seq_scan_issue_by_id,0.002
update_seq_scan_issue_by_id,0.002001
update_seq_scan_issue_by_id,0.002501
update_seq_scan_issue_by_id,0.003808
update_seq_scan_issue_by_id,0.0025
update_seq_scan_issue_by_id,0.0025
update_seq_scan_issue_by_id,0.002
update_seq_scan_issue_by_id,0.002589
update_seq_scan_issue_by_id,0.003002
update_seq_scan_issue_by_id,0.003639
update_seq_scan_issue_by_id,0.002938
update_seq_scan_issue_by_id,0.003002
update_seq_scan_issue_by_id,0.002997
update_seq_scan_issue_by_id,0.0015
update_seq_scan_issue_by_id,0.003502
update_seq_scan_issue_by_id,0.001998
update_seq_scan_issue_by_id,0.002499
update_seq_scan_issue_by_id,0.003103
update_seq_scan_issue_by_id,0.004511
update_seq_scan_issue_by_id,0.005253
update_seq_scan_issue_by_id,0.002497
update_seq_scan_issue_by_id,0.002497
update_seq_scan_issue_by_id,0.0025
update_seq_scan_issue_by_id,0.0025
update_seq_scan_issue_by_id,0.003501
update_seq_scan_issue_by_id,0.0025
update_seq_scan_issue_by_id,0.003502
update_seq_scan_issue_by_id,0.0045
update_seq_scan_issue_by_id,0.003999
update_seq_scan_issue_by_id,0.002592
update_seq_scan_issue_by_id,0.002908
update_seq_scan_issue_by_id,0.009504
update_seq_scan_issue_by_id,0.003003
update_seq_scan_issue_by_id,0.002499
update_seq_scan_issue_by_id,0.0025
update_seq_scan_issue_by_id,0.002501
update_seq_scan_issue_by_id,0.0025
update_seq_scan_issue_by_id,0.0085
update_seq_scan_issue_by_id,0.003
update_seq_scan_issue_by_id,0.002501
update_seq_scan_issue_by_id,0.004801
update_seq_scan_issue_by_id,0.003159
update_seq_scan_issue_by_id,0.00314
update_seq_scan_issue_by_id,0.003
update_seq_scan_issue_by_id,0.003
update_seq_scan_issue_by_id,0.003999
update_seq_scan_issue_by_id,0.003001
update_seq_scan_issue_by_id,0.002499
update_seq_scan_issue_by_id,0.003001
update_seq_scan_issue_by_id,0.0035
update_seq_scan_issue_by_id,0.003886
update_seq_scan_issue_by_id,0.002627
update_seq_scan_issue_by_id,0.0025
update_seq_scan_issue_by_id,0.002108
update_seq_scan_issue_by_id,0.002502
update_seq_scan_issue_by_id,0.003877
update_seq_scan_issue_by_id,0.002624
update_seq_scan_issue_by_id,0.002811
update_seq_scan_issue_by_id,0.002499
update_seq_scan_issue_by_id,0.002502
update_seq_scan_issue_by_id,0.002
update_seq_scan_issue_by_id,0.003
update_seq_scan_issue_by_id,0.002499
update_seq_scan_issue_by_id,0.002
update_seq_scan_issue_by_id,0.001992
update_seq_scan_issue_by_id,0.001907
update_seq_scan_issue_by_id,0.0015
update_seq_scan_issue_by_id,0.001999
update_seq_scan_issue_by_id,0.0035
update_seq_scan_issue_by_id,0.002209
update_seq_scan_issue_by_id,0.002
update_seq_scan_issue_by_id,0.0025
update_seq_scan_issue_by_id,0.002757
update_seq_scan_issue_by_id,0.006497
update_seq_scan_issue_by_id,0.003503
update_seq_scan_issue_by_id,0.003104
update_seq_scan_issue_by_id,0.004002
update_seq_scan_issue_by_id,0.004497
update_seq_scan_issue_by_id,0.002998
update_seq_scan_issue_by_id,0.003002
update_seq_scan_issue_by_id,0.001935
update_seq_scan_issue_by_id,0.002999
update_seq_scan_issue_by_id,0.0045
update_seq_scan_issue_by_id,0.002
update_seq_scan_issue_by_id,0.003223
update_seq_scan_issue_by_id,0.003561
update_seq_scan_issue_by_id,0.003133
update_seq_scan_issue_by_id,0.005108
update_seq_scan_issue_by_id,0.0025
update_seq_scan_issue_by_id,0.002922
update_seq_scan_issue_by_id,0.003015
update_seq_scan_issue_by_id,0.004001
update_seq_scan_issue_by_id,0.004
update_seq_scan_issue_by_id,0.003499
update_seq_scan_issue_by_id,0.0035
update_seq_scan_issue_by_id,0.003
update_seq_scan_issue_by_id,0.003476
update_seq_scan_issue_by_id,0.002499
update_seq_scan_issue_by_id,0.0025
update_seq_scan_issue_by_id,0.001998
update_seq_scan_issue_by_id,0.001501
update_seq_scan_issue_by_id,0.001999
update_seq_scan_issue_by_id,0.003552
update_seq_scan_issue_by_id,0.002501
update_seq_scan_issue_by_id,0.00203
update_seq_scan_issue_by_id,0.0032
update_seq_scan_issue_by_id,0.001999
update_seq_scan_issue_by_id,0.003999
update_seq_scan_issue_by_id,0.003034
update_seq_scan_issue_by_id,0.002468
update_seq_scan_issue_by_id,0.0025
update_seq_scan_issue_by_id,0.002
update_seq_scan_issue_by_id,0.003092
update_seq_scan_issue_by_id,0.004907
update_seq_scan_issue_by_id,0.003499
update_seq_scan_issue_by_id,0.004501
update_seq_scan_issue_by_id,0.00402
update_seq_scan_issue_by_id,0.00404
update_seq_scan_issue_by_id,0.003264
update_seq_scan_issue_by_id,0.002499
update_seq_scan_issue_by_id,0.002506
update_seq_scan_issue_by_id,0.003571
update_seq_scan_issue_by_id,0.002999
update_seq_scan_issue_by_id,0.0025
update_seq_scan_issue_by_id,0.002001
update_seq_scan_issue_by_id,0.002076
update_seq_scan_issue_by_id,0.001923
update_seq_scan_issue_by_id,0.002999
update_seq_scan_issue_by_id,0.003126
update_seq_scan_issue_by_id,0.0025
update_seq_scan_issue_by_id,0.003253
update_seq_scan_issue_by_id,0.002499
update_seq_scan_issue_by_id,0.002511
update_seq_scan_issue_by_id,0.00499
update_seq_scan_issue_by_id,0.002999
update_seq_scan_issue_by_id,0.002502
update_seq_scan_issue_by_id,0.0025
update_seq_scan_issue_by_id,0.00255
update_seq_scan_issue_by_id,0.003499
update_seq_scan_issue_by_id,0.002498
update_seq_scan_issue_by_id,0.002563
update_seq_scan_issue_by_id,0.00244
update_seq_scan_issue_by_id,0.002
update_seq_scan_issue_by_id,0.0025
update_seq_scan_issue_by_id,0.003501
update_seq_scan_issue_by_id,0.002546
update_seq_scan_issue_by_id,0.002953
update_seq_scan_issue_by_id,0.002398
update_seq_scan_issue_by_id,0.001972
update_seq_scan_issue_by_id,0.002498
update_seq_scan_issue_by_id,0.003438
update_seq_scan_issue_by_id,0.004
update_seq_scan_issue_by_id,0.002501
update_seq_scan_issue_by_id,0.0025
update_seq_scan_issue_by_id,0.001999
update_seq_scan_issue_by_id,0.002117
update_seq_scan_issue_by_id,0.003165
update_seq_scan_issue_by_id,0.0025
update_seq_scan_issue_by_id,0.0025
update_seq_scan_issue_by_id,0.002001
update_seq_scan_issue_by_id,0.002001
update_seq_scan_issue_by_id,0.001499
update_seq_scan_issue_by_id,0.001974
update_seq_scan_issue_by_id,0.004501
update_seq_scan_issue_by_id,0.002
update_seq_scan_issue_by_id,0.001999
update_seq_scan_issue_by_id,0.001498
update_seq_scan_issue_by_id,0.001499
update_seq_scan_issue_by_id,0.001498
update_seq_scan_issue_by_id,0.002633
update_seq_scan_issue_by_id,0.002498
update_seq_scan_issue_by_id,0.0025
update_seq_scan_issue_by_id,0.002502
update_seq_scan_issue_by_id,0.002496
update_seq_scan_issue_by_id,0.002501
update_seq_scan_issue_by_id,0.004578
update_seq_scan_issue_by_id,0.002421
update_seq_scan_issue_by_id,0.002001
update_seq_scan_issue_by_id,0.002629
update_seq_scan_issue_by_id,0.002001
update_seq_scan_issue_by_id,0.003001
update_seq_scan_issue_by_id,0.003499
update_seq_scan_issue_by_id,0.002001
update_seq_scan_issue_by_id,0.002499
update_seq_scan_issue_by_id,0.002
update_seq_scan_issue_by_id,0.002501
update_seq_scan_issue_by_id,0.003212
update_seq_scan_issue_by_id,0.004787
update_seq_scan_issue_by_id,0.002499
update_seq_scan_issue_by_id,0.002502
update_seq_scan_issue_by_id,0.001999
update_seq_scan_issue_by_id,0.002999
update_seq_scan_issue_by_id,0.004012
update_seq_scan_issue_by_id,0.004075
update_seq_scan_issue_by_id,0.002124
update_seq_scan_issue_by_id,0.002001
update_seq_scan_issue_by_id,0.002133
update_seq_scan_issue_by_id,0.001742
update_seq_scan_issue_by_id,0.002256
update_seq_scan_issue_by_id,0.002826
update_seq_scan_issue_by_id,0.001875
update_seq_scan_issue_by_id,0.001501
update_seq_scan_issue_by_id,0.002499
update_seq_scan_issue_by_id,0.002522
update_seq_scan_issue_by_id,0.00259
update_seq_scan_issue_by_id,0.008059
update_seq_scan_issue_by_id,0.00679
update_seq_scan_issue_by_id,0.006225
update_seq_scan_issue_by_id,0.003502
update_seq_scan_issue_by_id,0.005502
update_seq_scan_issue_by_id,0.003999
update_seq_scan_issue_by_id,0.005077
update_seq_scan_issue_by_id,0.002501
update_seq_scan_issue_by_id,0.001997
update_seq_scan_issue_by_id,0.002034
update_seq_scan_issue_by_id,0.00225
update_seq_scan_issue_by_id,0.004796
update_seq_scan_issue_by_id,0.002501
update_seq_scan_issue_by_id,0.002499
update_seq_scan_issue_by_id,0.002
update_seq_scan_issue_by_id,0.001499
update_seq_scan_issue_by_id,0.002499
update_seq_scan_issue_by_id,0.0035
update_seq_scan_issue_by_id,0.003348
update_seq_scan_issue_by_id,0.004
update_seq_scan_issue_by_id,0.003142
update_seq_scan_issue_by_id,0.004357
update_seq_scan_issue_by_id,0.003001
update_seq_scan_issue_by_id,0.003
update_seq_scan_issue_by_id,0.0025
update_seq_scan_issue_by_id,0.002498
update_seq_scan_issue_by_id,0.005079
update_seq_scan_issue_by_id,0.003001
update_seq_scan_issue_by_id,0.002499
update_seq_scan_issue_by_id,0.0025
update_seq_scan_issue_by_id,0.005001
update_seq_scan_issue_by_id,0.003501
update_seq_scan_issue_by_id,0.002874
update_seq_scan_issue_by_id,0.002502
update_seq_scan_issue_by_id,0.002
update_seq_scan_issue_by_id,0.002999
update_seq_scan_issue_by_id,0.0035
update_seq_scan_issue_by_id,0.002
update_seq_scan_issue_by_id,0.002228
update_seq_scan_issue_by_id,0.001814
update_seq_scan_issue_by_id,0.002665
update_seq_scan_issue_by_id,0.003335
update_seq_scan_issue_by_id,0.004
update_seq_scan_issue_by_id,0.002828
update_seq_scan_issue_by_id,0.002501
update_seq_scan_issue_by_id,0.003501
update_seq_scan_issue_by_id,0.002499
update_seq_scan_issue_by_id,0.004142
update_seq_scan_issue_by_id,0.002976
update_seq_scan_issue_by_id,0.003416
update_seq_scan_issue_by_id,0.002
update_seq_scan_issue_by_id,0.0035
update_seq_scan_issue_by_id,0.0045
update_seq_scan_issue_by_id,0.002543
update_seq_scan_issue_by_id,0.003456
update_seq_scan_issue_by_id,0.005451
update_seq_scan_issue_by_id,0.003355
update_seq_scan_issue_by_id,0.00194
update_seq_scan_issue_by_id,0.002132
update_seq_scan_issue_by_id,0.0015
update_seq_scan_issue_by_id,0.002002
update_seq_scan_issue_by_id,0.002
update_seq_scan_issue_by_id,0.002499
update_seq_scan_issue_by_id,0.003499
update_seq_scan_issue_by_id,0.002001
update_seq_scan_issue_by_id,0.002001
update_seq_scan_issue_by_id,0.0025
update_seq_scan_issue_by_id,0.001499
update_seq_scan_issue_by_id,0.0015
update_seq_scan_issue_by_id,0.0015
update_seq_scan_issue_by_id,0.0035
update_seq_scan_issue_by_id,0.003
update_seq_scan_issue_by_id,0.002501
update_seq_scan_issue_by_id,0.001993
update_seq_scan_issue_by_id,0.002503
update_seq_scan_issue_by_id,0.002497
update_seq_scan_issue_by_id,0.004018
update_seq_scan_issue_by_id,0.0025
update_seq_scan_issue_by_id,0.001999
update_seq_scan_issue_by_id,0.002
update_seq_scan_issue_by_id,0.0015
update_seq_scan_issue_by_id,0.001502
update_seq_scan_issue_by_id,0.001498
update_seq_scan_issue_by_id,0.003503
update_seq_scan_issue_by_id,0.002998
update_seq_scan_issue_by_id,0.002501
update_seq_scan_issue_by_id,0.002501
update_seq_scan_issue_by_id,0.002499
update_seq_scan_issue_by_id,0.0035
update_seq_scan_issue_by_id,0.005463
update_seq_scan_issue_by_id,0.00292
update_seq_scan_issue_by_id,0.0025
update_seq_scan_issue_by_id,0.001499
update_seq_scan_issue_by_id,0.002001
update_seq_scan_issue_by_id,0.004081
update_seq_scan_issue_by_id,0.003003
update_seq_scan_issue_by_id,0.002497
update_seq_scan_issue_by_id,0.003003
update_seq_scan_issue_by_id,0.002498
update_seq_scan_issue_by_id,0.003501
update_seq_scan_issue_by_id,0.00331
update_seq_scan_issue_by_id,0.003568
update_seq_scan_issue_by_id,0.002994
update_seq_scan_issue_by_id,0.0025
update_seq_scan_issue_by_id,0.004007
update_seq_scan_issue_by_id,0.002993
update_seq_scan_issue_by_id,0.0025
update_seq_scan_issue_by_id,0.002
update_seq_scan_issue_by_id,0.003015
update_seq_scan_issue_by_id,0.002501
update_seq_scan_issue_by_id,0.003396
update_seq_scan_issue_by_id,0.004148
update_seq_scan_issue_by_id,0.0025
update_seq_scan_issue_by_id,0.003001
update_seq_scan_issue_by_id,0.002498
update_seq_scan_issue_by_id,0.004001
update_seq_scan_issue_by_id,0.002498
update_seq_scan_issue_by_id,0.002004
update_seq_scan_issue_by_id,0.001999
update_seq_scan_issue_by_id,0.0025
update_seq_scan_issue_by_id,0.002566
update_seq_scan_issue_by_id,0.003001
update_seq_scan_issue_by_id,0.002055
update_seq_scan_issue_by_id,0.002499
update_seq_scan_issue_by_id,0.002501
update_seq_scan_issue_by_id,0.002996
update_seq_scan_issue_by_id,0.002501
update_seq_scan_issue_by_id,0.004074
update_seq_scan_issue_by_id,0.002991
update_seq_scan_issue_by_id,0.003554
update_seq_scan_issue_by_id,0.003445
update_seq_scan_issue_by_id,0.004162
update_seq_scan_issue_by_id,0.002964
update_seq_scan_issue_by_id,0.002501
update_seq_scan_issue_by_id,0.001923
update_seq_scan_issue_by_id,0.001997
update_seq_scan_issue_by_id,0.002002
update_seq_scan_issue_by_id,0.003403
update_seq_scan_issue_by_id,0.002501
update_seq_scan_issue_by_id,0.002999
update_seq_scan_issue_by_id,0.002499
update_seq_scan_issue_by_id,0.001501
update_seq_scan_issue_by_id,0.002001
update_seq_scan_issue_by_id,0.001999
update_seq_scan_issue_by_id,0.003002
update_seq_scan_issue_by_id,0.002133
update_seq_scan_issue_by_id,0.003502
update_seq_scan_issue_by_id,0.001994
update_seq_scan_issue_by_id,0.002498
update_seq_scan_issue_by_id,0.0015
update_seq_scan_issue_by_id,0.002501
update_seq_scan_issue_by_id,0.002499
update_seq_scan_issue_by_id,0.002
update_seq_scan_issue_by_id,0.002001
update_seq_scan_issue_by_id,0.002513
update_seq_scan_issue_by_id,0.002
update_seq_scan_issue_by_id,0.002
update_seq_scan_issue_by_id,0.004589
update_seq_scan_issue_by_id,0.002963
update_seq_scan_issue_by_id,0.002501
update_seq_scan_issue_by_id,0.002499
update_seq_scan_issue_by_id,0.0025
update_seq_scan_issue_by_id,0.004502
update_seq_scan_issue_by_id,0.005497
update_seq_scan_issue_by_id,0.003499
update_seq_scan_issue_by_id,0.004502
update_seq_scan_issue_by_id,0.005035
update_seq_scan_issue_by_id,0.003499
update_seq_scan_issue_by_id,0.0035
update_seq_scan_issue_by_id,0.003002
update_seq_scan_issue_by_id,0.004999
update_seq_scan_issue_by_id,0.003499
update_seq_scan_issue_by_id,0.003003
update_seq_scan_issue_by_id,0.003499
update_seq_scan_issue_by_id,0.003999
update_seq_scan_issue_by_id,0.002999
update_seq_scan_issue_by_id,0.004
update_seq_scan_issue_by_id,0.003
update_seq_scan_issue_by_id,0.004501
update_seq_scan_issue_by_id,0.003002
update_seq_scan_issue_by_id,0.003499
update_seq_scan_issue_by_id,0.0035
update_seq_scan_issue_by_id,0.004499
update_seq_scan_issue_by_id,0.004501
update_seq_scan_issue_by_id,0.005001
update_seq_scan_issue_by_id,0.003003
update_seq_scan_issue_by_id,0.003498
update_seq_scan_issue_by_id,0.003496
update_seq_scan_issue_by_id,0.0025
update_seq_scan_issue_by_id,0.002002
update_seq_scan_issue_by_id,0.002324
update_seq_scan_issue_by_id,0.002499
update_seq_scan_issue_by_id,0.003501
update_seq_scan_issue_by_id,0.002081
update_seq_scan_issue_by_id,0.001853
update_seq_scan_issue_by_id,0.002499
update_seq_scan_issue_by_id,0.0025
update_seq_scan_issue_by_id,0.00356
update_seq_scan_issue_by_id,0.003699
update_seq_scan_issue_by_id,0.002477
update_seq_scan_issue_by_id,0.002594
update_seq_scan_issue_by_id,0.00306
update_seq_scan_issue_by_id,0.001911
update_seq_scan_issue_by_id,0.00442
update_seq_scan_issue_by_id,0.002001
update_seq_scan_issue_by_id,0.00215
update_seq_scan_issue_by_id,0.002006
update_seq_scan_issue_by_id,0.000999
update_seq_scan_issue_by_id,0.002
update_seq_scan_issue_by_id,0.002001
update_seq_scan_issue_by_id,0.001999
update_seq_scan_issue_by_id,0.002606
update_seq_scan_issue_by_id,0.002001
update_seq_scan_issue_by_id,0.001998
update_seq_scan_issue_by_id,0.002001
update_seq_scan_issue_by_id,0.001999
update_seq_scan_issue_by_id,0.002001
update_seq_scan_issue_by_id,0.002072
update_seq_scan_issue_by_id,0.003499
update_seq_scan_issue_by_id,0.002
update_seq_scan_issue_by_id,0.0015
update_seq_scan_issue_by_id,0.002
update_seq_scan_issue_by_id,0.001499
update_seq_scan_issue_by_id,0.001501
update_seq_scan_issue_by_id,0.002
update_seq_scan_issue_by_id,0.003999
update_seq_scan_issue_by_id,0.00239
update_seq_scan_issue_by_id,0.001999
update_seq_scan_issue_by_id,0.001998
update_seq_scan_issue_by_id,0.003361
update_seq_scan_issue_by_id,0.004136
update_seq_scan_issue_by_id,0.003499
update_seq_scan_issue_by_id,0.003001
update_seq_scan_issue_by_id,0.001998
update_seq_scan_issue_by_id,0.001999
update_seq_scan_issue_by_id,0.001999
update_seq_scan_issue_by_id,0.0035
update_seq_scan_issue_by_id,0.003
update_seq_scan_issue_by_id,0.0025
update_seq_scan_issue_by_id,0.0025
update_seq_scan_issue_by_id,0.003001
update_seq_scan_issue_by_id,0.003499
update_seq_scan_issue_by_id,0.004999
update_seq_scan_issue_by_id,0.003001
update_seq_scan_issue_by_id,0.002001
update_seq_scan_issue_by_id,0.002925
update_seq_scan_issue_by_id,0.003
update_seq_scan_issue_by_id,0.0025
update_seq_scan_issue_by_id,0.002
update_seq_scan_issue_by_id,0.002
update_seq_scan_issue_by_id,0.002584
update_seq_scan_issue_by_id,0.003
update_seq_scan_issue_by_id,0.024532
update_seq_scan_issue_by_id,0.004001
update_seq_scan_issue_by_id,0.006001
update_seq_scan_issue_by_id,0.004248
update_seq_scan_issue_by_id,0.00344
update_seq_scan_issue_by_id,0.010033
update_seq_scan_issue_by_id,0.004497
update_seq_scan_issue_by_id,0.002501
update_seq_scan_issue_by_id,0.002
update_seq_scan_issue_by_id,0.002001
update_seq_scan_issue_by_id,0.003
update_seq_scan_issue_by_id,0.003496
update_seq_scan_issue_by_id,0.002703
update_seq_scan_issue_by_id,0.001169
update_seq_scan_issue_by_id,0.001499
update_seq_scan_issue_by_id,0.001258
update_seq_scan_issue_by_id,0.001992
update_seq_scan_issue_by_id,0.002499
update_seq_scan_issue_by_id,0.00375
update_seq_scan_issue_by_id,0.002
update_seq_scan_issue_by_id,0.001998
update_seq_scan_issue_by_id,0.002001
update_seq_scan_issue_by_id,0.0015
update_seq_scan_issue_by_id,0.002
update_seq_scan_issue_by_id,0.001499
update_seq_scan_issue_by_id,0.00407
update_seq_scan_issue_by_id,0.001499
update_seq_scan_issue_by_id,0.0015
update_seq_scan_issue_by_id,0.001998
update_seq_scan_issue_by_id,0.002501
update_seq_scan_issue_by_id,0.001501
update_seq_scan_issue_by_id,0.001556
update_seq_scan_issue_by_id,0.003442
update_seq_scan_issue_by_id,0.002501
update_seq_scan_issue_by_id,0.002
update_seq_scan_issue_by_id,0.002207
update_seq_scan_issue_by_id,0.002109
update_seq_scan_issue_by_id,0.002501
update_seq_scan_issue_by_id,0.002205
update_seq_scan_issue_by_id,0.002996
update_seq_scan_issue_by_id,0.001998
update_seq_scan_issue_by_id,0.002001
update_seq_scan_issue_by_id,0.001999
update_seq_scan_issue_by_id,0.002001
update_seq_scan_issue_by_id,0.002
update_seq_scan_issue_by_id,0.002001
update_seq_scan_issue_by_id,0.0035
update_seq_scan_issue_by_id,0.002001
update_seq_scan_issue_by_id,0.001999
update_seq_scan_issue_by_id,0.002007
update_seq_scan_issue_by_id,0.002563
update_seq_scan_issue_by_id,0.001999
update_seq_scan_issue_by_id,0.002055
update_seq_scan_issue_by_id,0.002998
update_seq_scan_issue_by_id,0.003002
update_seq_scan_issue_by_id,0.002499
update_seq_scan_issue_by_id,0.0025
update_seq_scan_issue_by_id,0.002675
update_seq_scan_issue_by_id,0.003329
update_seq_scan_issue_by_id,0.001999
update_seq_scan_issue_by_id,0.001999
update_seq_scan_issue_by_id,0.002002
update_seq_scan_issue_by_id,0.004
update_seq_scan_issue_by_id,0.004997
update_seq_scan_issue_by_id,0.003
update_seq_scan_issue_by_id,0.0025
update_seq_scan_issue_by_id,0.002628
update_seq_scan_issue_by_id,0.002499
update_seq_scan_issue_by_id,0.002
update_seq_scan_issue_by_id,0.003499
update_seq_scan_issue_by_id,0.002553
update_seq_scan_issue_by_id,0.002999
update_seq_scan_issue_by_id,0.002843
update_seq_scan_issue_by_id,0.0025
update_seq_scan_issue_by_id,0.003499
update_seq_scan_issue_by_id,0.002501
update_seq_scan_issue_by_id,0.002499
update_seq_scan_issue_by_id,0.002
update_seq_scan_issue_by_id,0.001999
update_seq_scan_issue_by_id,0.002002
update_seq_scan_issue_by_id,0.002498
update_seq_scan_issue_by_id,0.003067
update_seq_scan_issue_by_id,0.003431
update_seq_scan_issue_by_id,0.003502
update_seq_scan_issue_by_id,0.002499
update_seq_scan_issue_by_id,0.004499
update_seq_scan_issue_by_id,0.003003
update_seq_scan_issue_by_id,0.002501
update_seq_scan_issue_by_id,0.001999
update_seq_scan_issue_by_id,0.002501
update_seq_scan_issue_by_id,0.001999
update_seq_scan_issue_by_id,0.002502
update_seq_scan_issue_by_id,0.003998
update_seq_scan_issue_by_id,0.001998
update_seq_scan_issue_by_id,0.002501
update_seq_scan_issue_by_id,0.002
update_seq_scan_issue_by_id,0.001499
update_seq_scan_issue_by_id,0.002
update_seq_scan_issue_by_id,0.002999
update_seq_scan_issue_by_id,0.002001
update_seq_scan_issue_by_id,0.002
update_seq_scan_issue_by_id,0.002
update_seq_scan_issue_by_id,0.001708
update_seq_scan_issue_by_id,0.001575
update_seq_scan_issue_by_id,0.001575
update_seq_scan_issue_by_id,0.002078
update_seq_scan_issue_by_id,0.0035
update_seq_scan_issue_by_id,0.001501
update_seq_scan_issue_by_id,0.0015
update_seq_scan_issue_by_id,0.001999
update_seq_scan_issue_by_id,0.002
update_seq_scan_issue_by_id,0.002001
update_seq_scan_issue_by_id,0.001999
update_seq_scan_issue_by_id,0.002999
update_seq_scan_issue_by_id,0.002001
update_seq_scan_issue_by_id,0.002001
update_seq_scan_issue_by_id,0.001499
update_seq_scan_issue_by_id,0.002
update_seq_scan_issue_by_id,0.002
update_seq_scan_issue_by_id,0.001873
update_seq_scan_issue_by_id,0.001998
update_seq_scan_issue_by_id,0.003
update_seq_scan_issue_by_id,0.002
update_seq_scan_issue_by_id,0.0015
update_seq_scan_issue_by_id,0.002
update_seq_scan_issue_by_id,0.002
update_seq_scan_issue_by_id,0.00257
update_seq_scan_issue_by_id,0.002499
update_seq_scan_issue_by_id,0.003007
update_seq_scan_issue_by_id,0.003
update_seq_scan_issue_by_id,0.002
update_seq_scan_issue_by_id,0.002
update_seq_scan_issue_by_id,0.002602
update_seq_scan_issue_by_id,0.002
update_seq_scan_issue_by_id,0.002997
update_seq_scan_issue_by_id,0.001998
update_seq_scan_issue_by_id,0.002
update_seq_scan_issue_by_id,0.001501
update_seq_scan_issue_by_id,0.001909
update_seq_scan_issue_by_id,0.002001
update_seq_scan_issue_by_id,0.002
update_seq_scan_issue_by_id,0.003499
update_seq_scan_issue_by_id,0.0025
update_seq_scan_issue_by_id,0.002
update_seq_scan_issue_by_id,0.002
update_seq_scan_issue_by_id,0.001999
update_seq_scan_issue_by_id,0.002501
update_seq_scan_issue_by_id,0.003
update_seq_scan_issue_by_id,0.002997
update_seq_scan_issue_by_id,0.002
update_seq_scan_issue_by_id,0.002001
update_seq_scan_issue_by_id,0.002499
update_seq_scan_issue_by_id,0.002502
update_seq_scan_issue_by_id,0.002997
update_seq_scan_issue_by_id,0.004167
update_seq_scan_issue_by_id,0.002795
update_seq_scan_issue_by_id,0.001498
update_seq_scan_issue_by_id,0.001999
update_seq_scan_issue_by_id,0.001999
update_seq_scan_issue_by_id,0.003001
update_seq_scan_issue_by_id,0.002499
update_seq_scan_issue_by_id,0.002002
update_seq_scan_issue_by_id,0.002
update_seq_scan_issue_by_id,0.002502
update_seq_scan_issue_by_id,0.002499
update_seq_scan_issue_by_id,0.003499
update_seq_scan_issue_by_id,0.003494
update_seq_scan_issue_by_id,0.002978
update_seq_scan_issue_by_id,0.006501
update_seq_scan_issue_by_id,0.005
update_seq_scan_issue_by_id,0.0025
update_seq_scan_issue_by_id,0.002865
update_seq_scan_issue_by_id,0.002531
update_seq_scan_issue_by_id,0.005327
update_seq_scan_issue_by_id,0.002654
update_seq_scan_issue_by_id,0.0025
update_seq_scan_issue_by_id,0.003515
update_seq_scan_issue_by_id,0.003222
update_seq_scan_issue_by_id,0.003995
update_seq_scan_issue_by_id,0.00384
update_seq_scan_issue_by_id,0.002499
update_seq_scan_issue_by_id,0.003143
update_seq_scan_issue_by_id,0.002348
update_seq_scan_issue_by_id,0.004
update_seq_scan_issue_by_id,0.002501
update_seq_scan_issue_by_id,0.002501
update_seq_scan_issue_by_id,0.001798
update_seq_scan_issue_by_id,0.002073
update_seq_scan_issue_by_id,0.002
update_seq_scan_issue_by_id,0.0025
update_seq_scan_issue_by_id,0.002521
update_seq_scan_issue_by_id,0.002479
update_seq_scan_issue_by_id,0.001998
update_seq_scan_issue_by_id,0.002001
update_seq_scan_issue_by_id,0.002142
update_seq_scan_issue_by_id,0.002067
update_seq_scan_issue_by_id,0.003005
update_seq_scan_issue_by_id,0.002494
update_seq_scan_issue_by_id,0.002002
update_seq_scan_issue_by_id,0.001998
update_seq_scan_issue_by_id,0.002502
update_seq_scan_issue_by_id,0.001999
update_seq_scan_issue_by_id,0.002001
update_seq_scan_issue_by_id,0.003498
update_seq_scan_issue_by_id,0.002645
update_seq_scan_issue_by_id,0.002767
update_seq_scan_issue_by_id,0.0025
update_seq_scan_issue_by_id,0.002794
update_seq_scan_issue_by_id,0.003215
update_seq_scan_issue_by_id,0.003499
update_seq_scan_issue_by_id,0.0025
update_seq_scan_issue_by_id,0.002497
update_seq_scan_issue_by_id,0.0035
update_seq_scan_issue_by_id,0.002501
update_seq_scan_issue_by_id,0.004501
update_seq_scan_issue_by_id,0.002499
update_seq_scan_issue_by_id,0.002356
update_seq_scan_issue_by_id,0.002999
update_seq_scan_issue_by_id,0.002997
update_seq_scan_issue_by_id,0.005504
update_seq_scan_issue_by_id,0.003432
update_seq_scan_issue_by_id,0.002497
update_seq_scan_issue_by_id,0.002003
update_seq_scan_issue_by_id,0.00313
update_seq_scan_issue_by_id,0.003497
update_seq_scan_issue_by_id,0.002501
update_seq_scan_issue_by_id,0.002
update_seq_scan_issue_by_id,0.0025
update_seq_scan_issue_by_id,0.002
update_seq_scan_issue_by_id,0.0025
update_seq_scan_issue_by_id,0.004498
update_seq_scan_issue_by_id,0.003499
update_seq_scan_issue_by_id,0.001999
update_seq_scan_issue_by_id,0.001998
update_seq_scan_issue_by_id,0.002002
update_seq_scan_issue_by_id,0.00264
update_seq_scan_issue_by_id,0.004001
update_seq_scan_issue_by_id,0.003497
update_seq_scan_issue_by_id,0.002001
update_seq_scan_issue_by_id,0.002
update_seq_scan_issue_by_id,0.001999
update_seq_scan_issue_by_id,0.004503
update_seq_scan_issue_by_id,0.002499
update_seq_scan_issue_by_id,0.0025
update_seq_scan_issue_by_id,0.002499
update_seq_scan_issue_by_id,0.002001
update_seq_scan_issue_by_id,0.002501
update_seq_scan_issue_by_id,0.004505
update_seq_scan_issue_by_id,0.004425
update_seq_scan_issue_by_id,0.002499
update_seq_scan_issue_by_id,0.001999
update_seq_scan_issue_by_id,0.002501
update_seq_scan_issue_by_id,0.003003
update_seq_scan_issue_by_id,0.002634
update_seq_scan_issue_by_id,0.002002
update_seq_scan_issue_by_id,0.002533
update_seq_scan_issue_by_id,0.001467
update_seq_scan_issue_by_id,0.001998
update_seq_scan_issue_by_id,0.0025
update_seq_scan_issue_by_id,0.003565
update_seq_scan_issue_by_id,0.002024
update_seq_scan_issue_by_id,0.0015
update_seq_scan_issue_by_id,0.002
update_seq_scan_issue_by_id,0.001998
update_seq_scan_issue_by_id,0.002001
update_seq_scan_issue_by_id,0.0015
update_seq_scan_issue_by_id,0.002554
update_seq_scan_issue_by_id,0.001996
update_seq_scan_issue_by_id,0.001499
update_seq_scan_issue_by_id,0.0015
update_seq_scan_issue_by_id,0.0015
update_seq_scan_issue_by_id,0.003001
update_seq_scan_issue_by_id,0.002045
update_seq_scan_issue_by_id,0.002501
update_seq_scan_issue_by_id,0.002494
update_seq_scan_issue_by_id,0.002
update_seq_scan_issue_by_id,0.002162
update_seq_scan_issue_by_id,0.002501
update_seq_scan_issue_by_id,0.001999
update_seq_scan_issue_by_id,0.001501
update_seq_scan_issue_by_id,0.002001
update_seq_scan_issue_by_id,0.002
update_seq_scan_issue_by_id,0.001999
update_seq_scan_issue_by_id,0.001501
update_seq_scan_issue_by_id,0.0015
update_seq_scan_issue_by_id,0.002001
update_seq_scan_issue_by_id,0.002001
update_seq_scan_issue_by_id,0.002
update_seq_scan_issue_by_id,0.001499
update_seq_scan_issue_by_id,0.002998
update_seq_scan_issue_by_id,0.002
update_seq_scan_issue_by_id,0.003001
update_seq_scan_issue_by_id,0.002498
update_seq_scan_issue_by_id,0.002501
update_seq_scan_issue_by_id,0.0025
update_seq_scan_issue_by_id,0.002999
update_seq_scan_issue_by_id,0.002076
update_seq_scan_issue_by_id,0.002503
update_seq_scan_issue_by_id,0.002497
update_seq_scan_issue_by_id,0.002
update_seq_scan_issue_by_id,0.002499
update_seq_scan_issue_by_id,0.003005
update_seq_scan_issue_by_id,0.002602
update_seq_scan_issue_by_id,0.002999
update_seq_scan_issue_by_id,0.001997
update_seq_scan_issue_by_id,0.002501
update_seq_scan_issue_by_id,0.002001
update_seq_scan_issue_by_id,0.003345
update_seq_scan_issue_by_id,0.003362
update_seq_scan_issue_by_id,0.003253
update_seq_scan_issue_by_id,0.00198
update_seq_scan_issue_by_id,0.002501
update_seq_scan_issue_by_id,0.002998
update_seq_scan_issue_by_id,0.004002
update_seq_scan_issue_by_id,0.002499
update_seq_scan_issue_by_id,0.003502
update_seq_scan_issue_by_id,0.003001
update_seq_scan_issue_by_id,0.002498
update_seq_scan_issue_by_id,0.005499
update_seq_scan_issue_by_id,0.003001
update_seq_scan_issue_by_id,0.002499
update_seq_scan_issue_by_id,0.002
update_seq_scan_issue_by_id,0.002001
update_seq_scan_issue_by_id,0.003617
update_seq_scan_issue_by_id,0.003434
update_seq_scan_issue_by_id,0.003
update_seq_scan_issue_by_id,0.002501
update_seq_scan_issue_by_id,0.002523
update_seq_scan_issue_by_id,0.003499
update_seq_scan_issue_by_id,0.002885
update_seq_scan_issue_by_id,0.003002
update_seq_scan_issue_by_id,0.003001
update_seq_scan_issue_by_id,0.001799
update_seq_scan_issue_by_id,0.002499
update_seq_scan_issue_by_id,0.003518
update_seq_scan_issue_by_id,0.0025
update_seq_scan_issue_by_id,0.002689
update_seq_scan_issue_by_id,0.002353
update_seq_scan_issue_by_id,0.002
update_seq_scan_issue_by_id,0.0015
update_seq_scan_issue_by_id,0.003001
update_seq_scan_issue_by_id,0.0025
update_seq_scan_issue_by_id,0.002001
update_seq_scan_issue_by_id,0.001499
update_seq_scan_issue_by_id,0.002382
update_seq_scan_issue_by_id,0.001
update_seq_scan_issue_by_id,0.001
update_seq_scan_issue_by_id,0.002606
update_seq_scan_issue_by_id,0.002002
update_seq_scan_issue_by_id,0.001997
update_seq_scan_issue_by_id,0.00279
update_seq_scan_issue_by_id,0.001499
update_seq_scan_issue_by_id,0.002
update_seq_scan_issue_by_id,0.002001
update_seq_scan_issue_by_id,0.002325
update_seq_scan_issue_by_id,0.002148
update_seq_scan_issue_by_id,0.001582
update_seq_scan_issue_by_id,0.003609
update_seq_scan_issue_by_id,0.0025
update_seq_scan_issue_by_id,0.002
update_seq_scan_issue_by_id,0.001499
update_seq_scan_issue_by_id,0.002499
update_seq_scan_issue_by_id,0.002501
update_seq_scan_issue_by_id,0.002727
update_seq_scan_issue_by_id,0.002
update_seq_scan_issue_by_id,0.002003
update_seq_scan_issue_by_id,0.001996
update_seq_scan_issue_by_id,0.002501
update_seq_scan_issue_by_id,0.004352
update_seq_scan_issue_by_id,0.003413
update_seq_scan_issue_by_id,0.002616
update_seq_scan_issue_by_id,0.002081
update_seq_scan_issue_by_id,0.001566
update_seq_scan_issue_by_id,0.00277
update_seq_scan_issue_by_id,0.003001
update_seq_scan_issue_by_id,0.0025
update_seq_scan_issue_by_id,0.0015
update_seq_scan_issue_by_id,0.001998
update_seq_scan_issue_by_id,0.002501
update_seq_scan_issue_by_id,0.003
update_seq_scan_issue_by_id,0.0035
update_seq_scan_issue_by_id,0.002502
update_seq_scan_issue_by_id,0.002004
update_seq_scan_issue_by_id,0.001995
update_seq_scan_issue_by_id,0.002502
update_seq_scan_issue_by_id,0.002
update_seq_scan_issue_by_id,0.004501
update_seq_scan_issue_by_id,0.002498
update_seq_scan_issue_by_id,0.002001
update_seq_scan_issue_by_id,0.002001
update_seq_scan_issue_by_id,0.002002
update_seq_scan_issue_by_id,0.003499
update_seq_scan_issue_by_id,0.004
update_seq_scan_issue_by_id,0.003498
update_seq_scan_issue_by_id,0.005081
update_seq_scan_issue_by_id,0.004501
update_seq_scan_issue_by_id,0.002451
update_seq_scan_issue_by_id,0.001998
update_seq_scan_issue_by_id,0.003001
update_seq_scan_issue_by_id,0.003511
update_seq_scan_issue_by_id,0.004003
update_seq_scan_issue_by_id,0.001999
update_seq_scan_issue_by_id,0.0015
update_seq_scan_issue_by_id,0.002499
update_seq_scan_issue_by_id,0.002
update_seq_scan_issue_by_id,0.002502
update_seq_scan_issue_by_id,0.002998
update_seq_scan_issue_by_id,0.003
update_seq_scan_issue_by_id,0.0025
update_seq_scan_issue_by_id,0.002
update_seq_scan_issue_by_id,0.002499
update_seq_scan_issue_by_id,0.002
update_seq_scan_issue_by_id,0.0025
update_seq_scan_issue_by_id,0.003499
update_seq_scan_issue_by_id,0.002501
update_seq_scan_issue_by_id,0.002499
update_seq_scan_issue_by_id,0.002229
update_seq_scan_issue_by_id,0.00192
update_seq_scan_issue_by_id,0.001999
update_seq_scan_issue_by_id,0.002999
update_seq_scan_issue_by_id,0.001499
update_seq_scan_issue_by_id,0.0015
update_seq_scan_issue_by_id,0.002104
update_seq_scan_issue_by_id,0.003505
update_seq_scan_issue_by_id,0.004328
update_seq_scan_issue_by_id,0.002999
update_seq_scan_issue_by_id,0.003253
update_seq_scan_issue_by_id,0.002498
update_seq_scan_issue_by_id,0.0025
update_seq_scan_issue_by_id,0.001501
update_seq_scan_issue_by_id,0.0015
update_seq_scan_issue_by_id,0.003498
update_seq_scan_issue_by_id,0.002001
update_seq_scan_issue_by_id,0.001929
update_seq_scan_issue_by_id,0.00157
update_seq_scan_issue_by_id,0.002207
update_seq_scan_issue_by_id,0.004271
update_seq_scan_issue_by_id,0.005448
update_seq_scan_issue_by_id,0.0025
update_seq_scan_issue_by_id,0.002499
update_seq_scan_issue_by_id,0.002002
update_seq_scan_issue_by_id,0.002003
update_seq_scan_issue_by_id,0.003497
update_seq_scan_issue_by_id,0.003502
update_seq_scan_issue_by_id,0.0025
update_seq_scan_issue_by_id,0.001999
update_seq_scan_issue_by_id,0.001499
update_seq_scan_issue_by_id,0.002001
update_seq_scan_issue_by_id,0.003003
update_seq_scan_issue_by_id,0.003
update_seq_scan_issue_by_id,0.002498
update_seq_scan_issue_by_id,0.002499
update_seq_scan_issue_by_id,0.0025
update_seq_scan_issue_by_id,0.002001
update_seq_scan_issue_by_id,0.004001
update_seq_scan_issue_by_id,0.0025
update_seq_scan_issue_by_id,0.0025
update_seq_scan_issue_by_id,0.002499
update_seq_scan_issue_by_id,0.001999
update_seq_scan_issue_by_id,0.002552
update_seq_scan_issue_by_id,0.003439
update_seq_scan_issue_by_id,0.003
update_seq_scan_issue_by_id,0.004001
update_seq_scan_issue_by_id,0.003528
update_seq_scan_issue_by_id,0.003998
update_seq_scan_issue_by_id,0.003499
update_seq_scan_issue_by_id,0.003501
update_seq_scan_issue_by_id,0.003999
update_seq_scan_issue_by_id,0.005
update_seq_scan_issue_by_id,0.006
update_seq_scan_issue_by_id,0.003496
update_seq_scan_issue_by_id,0.0035
update_seq_scan_issue_by_id,0.004
update_seq_scan_issue_by_id,0.003498
update_seq_scan_issue_by_id,0.003
update_seq_scan_issue_by_id,0.003501
update_seq_scan_issue_by_id,0.006
update_seq_scan_issue_by_id,0.0035
update_seq_scan_issue_by_id,0.004002
update_seq_scan_issue_by_id,0.0025
update_seq_scan_issue_by_id,0.0035
update_seq_scan_issue_by_id,0.003
update_seq_scan_issue_by_id,0.005101
update_seq_scan_issue_by_id,0.002499
update_seq_scan_issue_by_id,0.003706
update_seq_scan_issue_by_id,0.002442
update_seq_scan_issue_by_id,0.0025
update_seq_scan_issue_by_id,0.001999
update_seq_scan_issue_by_id,0.002002
update_seq_scan_issue_by_id,0.001498
update_seq_scan_issue_by_id,0.001501
update_seq_scan_issue_by_id,0.0025
update_seq_scan_issue_by_id,0.002001
update_seq_scan_issue_by_id,0.002997
update_seq_scan_issue_by_id,0.002502
update_seq_scan_issue_by_id,0.001999
update_seq_scan_issue_by_id,0.0015
update_seq_scan_issue_by_id,0.001501
update_seq_scan_issue_by_id,0.023518
update_seq_scan_issue_by_id,0.0025
update_seq_scan_issue_by_id,0.003501
update_seq_scan_issue_by_id,0.00236
update_seq_scan_issue_by_id,0.004498
update_seq_scan_issue_by_id,0.003002
update_seq_scan_issue_by_id,0.0025
update_seq_scan_issue_by_id,0.0025
update_seq_scan_issue_by_id,0.002
update_seq_scan_issue_by_id,0.004002
update_seq_scan_issue_by_id,0.002499
update_seq_scan_issue_by_id,0.002
update_seq_scan_issue_by_id,0.0015
update_seq_scan_issue_by_id,0.001999
update_seq_scan_issue_by_id,0.002
update_seq_scan_issue_by_id,0.001502
update_seq_scan_issue_by_id,0.003998
update_seq_scan_issue_by_id,0.002501
update_seq_scan_issue_by_id,0.001499
update_seq_scan_issue_by_id,0.002001
update_seq_scan_issue_by_id,0.002
update_seq_scan_issue_by_id,0.001999
update_seq_scan_issue_by_id,0.001999
update_seq_scan_issue_by_id,0.003001
update_seq_scan_issue_by_id,0.003
update_seq_scan_issue_by_id,0.0025
update_seq_scan_issue_by_id,0.002999
update_seq_scan_issue_by_id,0.007531
update_seq_scan_issue_by_id,0.003077
update_seq_scan_issue_by_id,0.003
update_seq_scan_issue_by_id,0.003001
update_seq_scan_issue_by_id,0.003
update_seq_scan_issue_by_id,0.003502
update_seq_scan_issue_by_id,0.003001
update_seq_scan_issue_by_id,0.003009
update_seq_scan_issue_by_id,0.00311
update_seq_scan_issue_by_id,0.003997
update_seq_scan_issue_by_id,0.0045
update_seq_scan_issue_by_id,0.0035
update_seq_scan_issue_by_id,0.003
update_seq_scan_issue_by_id,0.003
update_seq_scan_issue_by_id,0.003
update_seq_scan_issue_by_id,0.0025
update_seq_scan_issue_by_id,0.001999
update_seq_scan_issue_by_id,0.002501
update_seq_scan_issue_by_id,0.002406
update_seq_scan_issue_by_id,0.002
update_seq_scan_issue_by_id,0.002501
update_seq_scan_issue_by_id,0.0035
update_seq_scan_issue_by_id,0.001501
update_seq_scan_issue_by_id,0.001498
update_seq_scan_issue_by_id,0.001999
update_seq_scan_issue_by_id,0.002002
update_seq_scan_issue_by_id,0.0015
update_seq_scan_issue_by_id,0.002001
update_seq_scan_issue_by_id,0.001895
update_seq_scan_issue_by_id,0.002942
update_seq_scan_issue_by_id,0.002125
update_seq_scan_issue_by_id,0.001999
update_seq_scan_issue_by_id,0.001501
update_seq_scan_issue_by_id,0.001499
update_seq_scan_issue_by_id,0.0015
update_seq_scan_issue_by_id,0.001498
update_seq_scan_issue_by_id,0.002501
update_seq_scan_issue_by_id,0.001999
update_seq_scan_issue_by_id,0.002072
update_seq_scan_issue_by_id,0.004001
update_seq_scan_issue_by_id,0.002497
update_seq_scan_issue_by_id,0.002001
update_seq_scan_issue_by_id,0.002999
update_seq_scan_issue_by_id,0.002
update_seq_scan_issue_by_id,0.002001
update_seq_scan_issue_by_id,0.001999
update_seq_scan_issue_by_id,0.002
update_seq_scan_issue_by_id,0.001502
update_seq_scan_issue_by_id,0.002
update_seq_scan_issue_by_id,0.003
update_seq_scan_issue_by_id,0.002501
update_seq_scan_issue_by_id,0.002998
update_seq_scan_issue_by_id,0.001501
update_seq_scan_issue_by_id,0.0015
update_seq_scan_issue_by_id,0.001499
update_seq_scan_issue_by_id,0.0015
update_seq_scan_issue_by_id,0.003002
update_seq_scan_issue_by_id,0.002219
update_seq_scan_issue_by_id,0.001648
update_seq_scan_issue_by_id,0.002001
update_seq_scan_issue_by_id,0.002001
update_seq_scan_issue_by_id,0.001999
update_seq_scan_issue_by_id,0.0025
update_seq_scan_issue_by_id,0.005003
update_seq_scan_issue_by_id,0.004002
update_seq_scan_issue_by_id,0.002497
update_seq_scan_issue_by_id,0.001999
update_seq_scan_issue_by_id,0.003001
update_seq_scan_issue_by_id,0.003502
update_seq_scan_issue_by_id,0.0025
update_seq_scan_issue_by_id,0.001998
update_seq_scan_issue_by_id,0.001498
update_seq_scan_issue_by_id,0.002549
update_seq_scan_issue_by_id,0.002502
update_seq_scan_issue_by_id,0.003501
update_seq_scan_issue_by_id,0.002
update_seq_scan_issue_by_id,0.002501
update_seq_scan_issue_by_id,0.001999
update_seq_scan_issue_by_id,0.002004
update_seq_scan_issue_by_id,0.001997
update_seq_scan_issue_by_id,0.002499
update_seq_scan_issue_by_id,0.001998
update_seq_scan_issue_by_id,0.001499
update_seq_scan_issue_by_id,0.002
update_seq_scan_issue_by_id,0.001999
update_seq_scan_issue_by_id,0.001923
update_seq_scan_issue_by_id,0.002
update_seq_scan_issue_by_id,0.003551
update_seq_scan_issue_by_id,0.002503
update_seq_scan_issue_by_id,0.001999
update_seq_scan_issue_by_id,0.001999
update_seq_scan_issue_by_id,0.002462
update_seq_scan_issue_by_id,0.002575
update_seq_scan_issue_by_id,0.003501
update_seq_scan_issue_by_id,0.002001
update_seq_scan_issue_by_id,0.001999
update_seq_scan_issue_by_id,0.002396
update_seq_scan_issue_by_id,0.002
update_seq_scan_issue_by_id,0.001999
update_seq_scan_issue_by_id,0.002499
update_seq_scan_issue_by_id,0.003001
update_seq_scan_issue_by_id,0.002
update_seq_scan_issue_by_id,0.002
update_seq_scan_issue_by_id,0.002499
update_seq_scan_issue_by_id,0.002
update_seq_scan_issue_by_id,0.002
update_seq_scan_issue_by_id,0.002
update_seq_scan_issue_by_id,0.002997
update_seq_scan_issue_by_id,0.001999
update_seq_scan_issue_by_id,0.001792
update_seq_scan_issue_by_id,0.001499
update_seq_scan_issue_by_id,0.0015
update_seq_scan_issue_by_id,0.001998
update_seq_scan_issue_by_id,0.002203
update_seq_scan_issue_by_id,0.002999
update_seq_scan_issue_by_id,0.00129
update_seq_scan_issue_by_id,0.002498
update_seq_scan_issue_by_id,0.002777
update_seq_scan_issue_by_id,0.002363
update_seq_scan_issue_by_id,0.001697
update_seq_scan_issue_by_id,0.002499
update_seq_scan_issue_by_id,0.002577
update_seq_scan_issue_by_id,0.002004
update_seq_scan_issue_by_id,0.001501
update_seq_scan_issue_by_id,0.001499
update_seq_scan_issue_by_id,0.001998
update_seq_scan_issue_by_id,0.002001
update_seq_scan_issue_by_id,0.003588
update_seq_scan_issue_by_id,0.002384
update_seq_scan_issue_by_id,0.002549
update_seq_scan_issue_by_id,0.00245
update_seq_scan_issue_by_id,0.002
update_seq_scan_issue_by_id,0.002999
update_seq_scan_issue_by_id,0.004154
update_seq_scan_issue_by_id,0.0025
update_seq_scan_issue_by_id,0.002501
update_seq_scan_issue_by_id,0.0025
update_seq_scan_issue_by_id,0.002502
update_seq_scan_issue_by_id,0.002181
update_seq_scan_issue_by_id,0.003917
update_seq_scan_issue_by_id,0.0015
update_seq_scan_issue_by_id,0.001499
update_seq_scan_issue_by_id,0.002001
update_seq_scan_issue_by_id,0.001498
update_seq_scan_issue_by_id,0.001999
update_seq_scan_issue_by_id,0.002501
update_seq_scan_issue_by_id,0.003501
update_seq_scan_issue_by_id,0.002233
update_seq_scan_issue_by_id,0.0025
update_seq_scan_issue_by_id,0.001999
update_seq_scan_issue_by_id,0.002172
update_seq_scan_issue_by_id,0.002628
update_seq_scan_issue_by_id,0.0035
update_seq_scan_issue_by_id,0.001999
update_seq_scan_issue_by_id,0.0025
update_seq_scan_issue_by_id,0.002499
update_seq_scan_issue_by_id,0.002001
update_seq_scan_issue_by_id,0.002499
update_seq_scan_issue_by_id,0.0035
update_seq_scan_issue_by_id,0.002001
update_seq_scan_issue_by_id,0.002001
update_seq_scan_issue_by_id,0.002499
update_seq_scan_issue_by_id,0.0025
update_seq_scan_issue_by_id,0.002499
update_seq_scan_issue_by_id,0.003502
update_seq_scan_issue_by_id,0.002499
update_seq_scan_issue_by_id,0.002
update_seq_scan_issue_by_id,0.002
update_seq_scan_issue_by_id,0.0025
update_seq_scan_issue_by_id,0.002498
update_seq_scan_issue_by_id,0.00227
update_seq_scan_issue_by_id,0.002493
update_seq_scan_issue_by_id,0.002001
update_seq_scan_issue_by_id,0.002499
update_seq_scan_issue_by_id,0.003
update_seq_scan_issue_by_id,0.002001
update_seq_scan_issue_by_id,0.002741
update_seq_scan_issue_by_id,0.003999
update_seq_scan_issue_by_id,0.002502
update_seq_scan_issue_by_id,0.002499
update_seq_scan_issue_by_id,0.002001
update_seq_scan_issue_by_id,0.002
update_seq_scan_issue_by_id,0.002003
update_seq_scan_issue_by_id,0.003501
update_seq_scan_issue_by_id,0.001999
update_seq_scan_issue_by_id,0.0025
update_seq_scan_issue_by_id,0.002
update_seq_scan_issue_by_id,0.002
update_seq_scan_issue_by_id,0.002499
update_seq_scan_issue_by_id,0.0035
update_seq_scan_issue_by_id,0.002002
update_seq_scan_issue_by_id,0.00175
update_seq_scan_issue_by_id,0.002499
update_seq_scan_issue_by_id,0.001745
update_seq_scan_issue_by_id,0.001388
update_seq_scan_issue_by_id,0.002
update_seq_scan_issue_by_id,0.002005
update_seq_scan_issue_by_id,0.00284
update_seq_scan_issue_by_id,0.002498
update_seq_scan_issue_by_id,0.002501
update_seq_scan_issue_by_id,0.007765
update_seq_scan_issue_by_id,0.003448
update_seq_scan_issue_by_id,0.002125
update_seq_scan_issue_by_id,0.002105
update_seq_scan_issue_by_id,0.002105
update_seq_scan_issue_by_id,0.001577
update_seq_scan_issue_by_id,0.001577
update_seq_scan_issue_by_id,0.001567
update_seq_scan_issue_by_id,0.003784
update_seq_scan_issue_by_id,0.002
update_seq_scan_issue_by_id,0.002
update_seq_scan_issue_by_id,0.002
update_seq_scan_issue_by_id,0.001999
update_seq_scan_issue_by_id,0.0015
update_seq_scan_issue_by_id,0.002001
update_seq_scan_issue_by_id,0.004
update_seq_scan_issue_by_id,0.0025
update_seq_scan_issue_by_id,0.002
update_seq_scan_issue_by_id,0.001501
update_seq_scan_issue_by_id,0.002001
update_seq_scan_issue_by_id,0.002499
update_seq_scan_issue_by_id,0.003014
update_seq_scan_issue_by_id,0.0035
update_seq_scan_issue_by_id,0.001699
update_seq_scan_issue_by_id,0.001998
update_seq_scan_issue_by_id,0.002001
update_seq_scan_issue_by_id,0.002
update_seq_scan_issue_by_id,0.002499
update_seq_scan_issue_by_id,0.003502
update_seq_scan_issue_by_id,0.002499
update_seq_scan_issue_by_id,0.002001
update_seq_scan_issue_by_id,0.001999
update_seq_scan_issue_by_id,0.001999
update_seq_scan_issue_by_id,0.003171
update_seq_scan_issue_by_id,0.004378
update_seq_scan_issue_by_id,0.002997
update_seq_scan_issue_by_id,0.005447
update_seq_scan_issue_by_id,0.0038
update_seq_scan_issue_by_id,0.005
update_seq_scan_issue_by_id,0.002501
update_seq_scan_issue_by_id,0.002498
update_seq_scan_issue_by_id,0.002499
update_seq_scan_issue_by_id,0.003499
update_seq_scan_issue_by_id,0.003998
update_seq_scan_issue_by_id,0.003501
update_seq_scan_issue_by_id,0.003717
update_seq_scan_issue_by_id,0.005921
update_seq_scan_issue_by_id,0.004027
update_seq_scan_issue_by_id,0.003999
update_seq_scan_issue_by_id,0.003499
update_seq_scan_issue_by_id,0.004002
update_seq_scan_issue_by_id,0.0035
update_seq_scan_issue_by_id,0.002997
update_seq_scan_issue_by_id,0.002501
update_seq_scan_issue_by_id,0.002501
update_seq_scan_issue_by_id,0.002524
update_seq_scan_issue_by_id,0.003999
update_seq_scan_issue_by_id,0.002499
update_seq_scan_issue_by_id,0.002132
update_seq_scan_issue_by_id,0.00287
update_seq_scan_issue_by_id,0.0025
update_seq_scan_issue_by_id,0.002501
update_seq_scan_issue_by_id,0.002502
update_seq_scan_issue_by_id,0.002
update_seq_scan_issue_by_id,0.001814
update_seq_scan_issue_by_id,0.001823
update_seq_scan_issue_by_id,0.002002
update_seq_scan_issue_by_id,0.001499
update_seq_scan_issue_by_id,0.002224
update_seq_scan_issue_by_id,0.002998
update_seq_scan_issue_by_id,0.001499
update_seq_scan_issue_by_id,0.0015
update_seq_scan_issue_by_id,0.0015
update_seq_scan_issue_by_id,0.001
update_seq_scan_issue_by_id,0.002215
update_seq_scan_issue_by_id,0.002
update_seq_scan_issue_by_id,0.007395
update_seq_scan_issue_by_id,0.002496
update_seq_scan_issue_by_id,0.002502
update_seq_scan_issue_by_id,0.002501
update_seq_scan_issue_by_id,0.001997
update_seq_scan_issue_by_id,0.003382
update_seq_scan_issue_by_id,0.002101
update_seq_scan_issue_by_id,0.002146
update_seq_scan_issue_by_id,0.00122
update_seq_scan_issue_by_id,0.001501
update_seq_scan_issue_by_id,0.001667
update_seq_scan_issue_by_id,0.001999
update_seq_scan_issue_by_id,0.003503
update_seq_scan_issue_by_id,0.001998
update_seq_scan_issue_by_id,0.0015
update_seq_scan_issue_by_id,0.001501
update_seq_scan_issue_by_id,0.001502
update_seq_scan_issue_by_id,0.001497
update_seq_scan_issue_by_id,0.000999
update_seq_scan_issue_by_id,0.0015
update_seq_scan_issue_by_id,0.002999
update_seq_scan_issue_by_id,0.002501
update_seq_scan_issue_by_id,0.002499
update_seq_scan_issue_by_id,0.002
update_seq_scan_issue_by_id,0.002
update_seq_scan_issue_by_id,0.002999
update_seq_scan_issue_by_id,0.003437
update_seq_scan_issue_by_id,0.002098
update_seq_scan_issue_by_id,0.001755
update_seq_scan_issue_by_id,0.001999
update_seq_scan_issue_by_id,0.002
update_seq_scan_issue_by_id,0.0025
update_seq_scan_issue_by_id,0.002
update_seq_scan_issue_by_id,0.003999
update_seq_scan_issue_by_id,0.002001
update_seq_scan_issue_by_id,0.002
update_seq_scan_issue_by_id,0.003
update_seq_scan_issue_by_id,0.003001
update_seq_scan_issue_by_id,0.003501
update_seq_scan_issue_by_id,0.002
update_seq_scan_issue_by_id,0.001999
update_seq_scan_issue_by_id,0.002113
update_seq_scan_issue_by_id,0.002623
update_seq_scan_issue_by_id,0.002613
update_seq_scan_issue_by_id,0.00433
update_seq_scan_issue_by_id,0.002928
update_seq_scan_issue_by_id,0.003353
update_seq_scan_issue_by_id,0.00275
update_seq_scan_issue_by_id,0.002901
update_seq_scan_issue_by_id,0.005845
update_seq_scan_issue_by_id,0.004002
update_seq_scan_issue_by_id,0.002499
update_seq_scan_issue_by_id,0.001523
update_seq_scan_issue_by_id,0.002414
update_seq_scan_issue_by_id,0.004001
update_seq_scan_issue_by_id,0.0025
update_seq_scan_issue_by_id,0.002498
update_seq_scan_issue_by_id,0.002001
update_seq_scan_issue_by_id,0.001998
update_seq_scan_issue_by_id,0.003002
update_seq_scan_issue_by_id,0.003501
update_seq_scan_issue_by_id,0.0025
update_seq_scan_issue_by_id,0.002499
update_seq_scan_issue_by_id,0.002498
update_seq_scan_issue_by_id,0.003
update_seq_scan_issue_by_id,0.004248
update_seq_scan_issue_by_id,0.002444
update_seq_scan_issue_by_id,0.002242
update_seq_scan_issue_by_id,0.002
update_seq_scan_issue_by_id,0.003089
update_seq_scan_issue_by_id,0.005117
update_seq_scan_issue_by_id,0.002755
update_seq_scan_issue_by_id,0.002501
update_seq_scan_issue_by_id,0.0015
update_seq_scan_issue_by_id,0.001826
update_seq_scan_issue_by_id,0.002501
update_seq_scan_issue_by_id,0.003061
update_seq_scan_issue_by_id,0.002
update_seq_scan_issue_by_id,0.001998
update_seq_scan_issue_by_id,0.001999
update_seq_scan_issue_by_id,0.001502
update_seq_scan_issue_by_id,0.0015
update_seq_scan_issue_by_id,0.002001
update_seq_scan_issue_by_id,0.0025
update_seq_scan_issue_by_id,0.0025
update_seq_scan_issue_by_id,0.002001
update_seq_scan_issue_by_id,0.001999
update_seq_scan_issue_by_id,0.001501
update_seq_scan_issue_by_id,0.001499
update_seq_scan_issue_by_id,0.001999
update_seq_scan_issue_by_id,0.001501
update_seq_scan_issue_by_id,0.002999
update_seq_scan_issue_by_id,0.002
update_seq_scan_issue_by_id,0.002
update_seq_scan_issue_by_id,0.002502
update_seq_scan_issue_by_id,0.001499
update_seq_scan_issue_by_id,0.001498
update_seq_scan_issue_by_id,0.001999
update_seq_scan_issue_by_id,0.002043
update_seq_scan_issue_by_id,0.003501
update_seq_scan_issue_by_id,0.002499
update_seq_scan_issue_by_id,0.0025
update_seq_scan_issue_by_id,0.002999
update_seq_scan_issue_by_id,0.002501
update_seq_scan_issue_by_id,0.003501
update_seq_scan_issue_by_id,0.002502
update_seq_scan_issue_by_id,0.002006
update_seq_scan_issue_by_id,0.002776
update_seq_scan_issue_by_id,0.003499
update_seq_scan_issue_by_id,0.004144
update_seq_scan_issue_by_id,0.002965
update_seq_scan_issue_by_id,0.003501
update_seq_scan_issue_by_id,0.001998
update_seq_scan_issue_by_id,0.002001
update_seq_scan_issue_by_id,0.002001
update_seq_scan_issue_by_id,0.002999
update_seq_scan_issue_by_id,0.0025
update_seq_scan_issue_by_id,0.001999
update_seq_scan_issue_by_id,0.002501
update_seq_scan_issue_by_id,0.002268
update_seq_scan_issue_by_id,0.002218
update_seq_scan_issue_by_id,0.002
update_seq_scan_issue_by_id,0.003
update_seq_scan_issue_by_id,0.001998
update_seq_scan_issue_by_id,0.0025
update_seq_scan_issue_by_id,0.001501
update_seq_scan_issue_by_id,0.0015
update_seq_scan_issue_by_id,0.001999
update_seq_scan_issue_by_id,0.001499
update_seq_scan_issue_by_id,0.002999
update_seq_scan_issue_by_id,0.003088
update_seq_scan_issue_by_id,0.001999
update_seq_scan_issue_by_id,0.002499
update_seq_scan_issue_by_id,0.024645
update_seq_scan_issue_by_id,0.003999
update_seq_scan_issue_by_id,0.003759
update_seq_scan_issue_by_id,0.0035
update_seq_scan_issue_by_id,0.004001
update_seq_scan_issue_by_id,0.002809
update_seq_scan_issue_by_id,0.001999
update_seq_scan_issue_by_id,0.002
update_seq_scan_issue_by_id,0.001465
update_seq_scan_issue_by_id,0.001499
update_seq_scan_issue_by_id,0.001499
update_seq_scan_issue_by_id,0.002077
update_seq_scan_issue_by_id,0.004251
update_seq_scan_issue_by_id,0.003061
update_seq_scan_issue_by_id,0.001562
update_seq_scan_issue_by_id,0.001582
update_seq_scan_issue_by_id,0.00217
update_seq_scan_issue_by_id,0.002671
update_seq_scan_issue_by_id,0.002
update_seq_scan_issue_by_id,0.001501
update_seq_scan_issue_by_id,0.001499
update_seq_scan_issue_by_id,0.001999
update_seq_scan_issue_by_id,0.001499
update_seq_scan_issue_by_id,0.002499
update_seq_scan_issue_by_id,0.003001
update_seq_scan_issue_by_id,0.001997
update_seq_scan_issue_by_id,0.001501
update_seq_scan_issue_by_id,0.0015
update_seq_scan_issue_by_id,0.002
update_seq_scan_issue_by_id,0.0015
update_seq_scan_issue_by_id,0.00229
update_seq_scan_issue_by_id,0.002531
update_seq_scan_issue_by_id,0.0035
update_seq_scan_issue_by_id,0.001903
update_seq_scan_issue_by_id,0.001499
update_seq_scan_issue_by_id,0.002001
update_seq_scan_issue_by_id,0.001499
update_seq_scan_issue_by_id,0.001501
update_seq_scan_issue_by_id,0.0015
update_seq_scan_issue_by_id,0.002059
update_seq_scan_issue_by_id,0.002498
update_seq_scan_issue_by_id,0.001998
update_seq_scan_issue_by_id,0.002
update_seq_scan_issue_by_id,0.002498
update_seq_scan_issue_by_id,0.002222
update_seq_scan_issue_by_id,0.002929
update_seq_scan_issue_by_id,0.003499
update_seq_scan_issue_by_id,0.002502
update_seq_scan_issue_by_id,0.002499
update_seq_scan_issue_by_id,0.0025
update_seq_scan_issue_by_id,0.002
update_seq_scan_issue_by_id,0.002999
update_seq_scan_issue_by_id,0.003502
update_seq_scan_issue_by_id,0.002498
update_seq_scan_issue_by_id,0.002501
update_seq_scan_issue_by_id,0.0025
update_seq_scan_issue_by_id,0.002499
update_seq_scan_issue_by_id,0.003003
update_seq_scan_issue_by_id,0.003
update_seq_scan_issue_by_id,0.002501
update_seq_scan_issue_by_id,0.001999
update_seq_scan_issue_by_id,0.002003
update_seq_scan_issue_by_id,0.002096
update_seq_scan_issue_by_id,0.001999
update_seq_scan_issue_by_id,0.004001
update_seq_scan_issue_by_id,0.002499
update_seq_scan_issue_by_id,0.001999
update_seq_scan_issue_by_id,0.0025
update_seq_scan_issue_by_id,0.003002
update_seq_scan_issue_by_id,0.002499
update_seq_scan_issue_by_id,0.002997
update_seq_scan_issue_by_id,0.003002
update_seq_scan_issue_by_id,0.002499
update_seq_scan_issue_by_id,0.002
update_seq_scan_issue_by_id,0.001499
update_seq_scan_issue_by_id,0.001998
update_seq_scan_issue_by_id,0.004003
update_seq_scan_issue_by_id,0.004
update_seq_scan_issue_by_id,0.002998
update_seq_scan_issue_by_id,0.003
update_seq_scan_issue_by_id,0.0035
update_seq_scan_issue_by_id,0.004264
update_seq_scan_issue_by_id,0.002999
update_seq_scan_issue_by_id,0.003501
update_seq_scan_issue_by_id,0.003
update_seq_scan_issue_by_id,0.004
update_seq_scan_issue_by_id,0.002999
update_seq_scan_issue_by_id,0.003499
update_seq_scan_issue_by_id,0.003001
update_seq_scan_issue_by_id,0.003002
update_seq_scan_issue_by_id,0.004501
update_seq_scan_issue_by_id,0.003499
update_seq_scan_issue_by_id,0.003
update_seq_scan_issue_by_id,0.002326
update_seq_scan_issue_by_id,0.003417
update_seq_scan_issue_by_id,0.005
update_seq_scan_issue_by_id,0.002999
update_seq_scan_issue_by_id,0.003
update_seq_scan_issue_by_id,0.002528
update_seq_scan_issue_by_id,0.003999
update_seq_scan_issue_by_id,0.003
update_seq_scan_issue_by_id,0.002501
update_seq_scan_issue_by_id,0.002002
update_seq_scan_issue_by_id,0.001999
update_seq_scan_issue_by_id,0.0025
update_seq_scan_issue_by_id,0.003
update_seq_scan_issue_by_id,0.002001
update_seq_scan_issue_by_id,0.0015
update_seq_scan_issue_by_id,0.001653
update_seq_scan_issue_by_id,0.002532
update_seq_scan_issue_by_id,0.001968
update_seq_scan_issue_by_id,0.001499
update_seq_scan_issue_by_id,0.003
update_seq_scan_issue_by_id,0.002499
update_seq_scan_issue_by_id,0.002001
update_seq_scan_issue_by_id,0.002
update_seq_scan_issue_by_id,0.002
update_seq_scan_issue_by_id,0.001999
update_seq_scan_issue_by_id,0.0015
update_seq_scan_issue_by_id,0.001999
update_seq_scan_issue_by_id,0.003272
update_seq_scan_issue_by_id,0.002169
update_seq_scan_issue_by_id,0.004
update_seq_scan_issue_by_id,0.002501
update_seq_scan_issue_by_id,0.002499
update_seq_scan_issue_by_id,0.003702
update_seq_scan_issue_by_id,0.002028
update_seq_scan_issue_by_id,0.002519
update_seq_scan_issue_by_id,0.0025
update_seq_scan_issue_by_id,0.002501
update_seq_scan_issue_by_id,0.001999
update_seq_scan_issue_by_id,0.0035
update_seq_scan_issue_by_id,0.002
update_seq_scan_issue_by_id,0.003002
update_seq_scan_issue_by_id,0.002247
update_seq_scan_issue_by_id,0.002093
update_seq_scan_issue_by_id,0.002429
update_seq_scan_issue_by_id,0.003502
update_seq_scan_issue_by_id,0.002998
update_seq_scan_issue_by_id,0.003003
update_seq_scan_issue_by_id,0.001997
update_seq_scan_issue_by_id,0.001992
update_seq_scan_issue_by_id,0.002633
update_seq_scan_issue_by_id,0.004554
update_seq_scan_issue_by_id,0.002626
update_seq_scan_issue_by_id,0.001717
update_seq_scan_issue_by_id,0.0015
update_seq_scan_issue_by_id,0.002001
update_seq_scan_issue_by_id,0.0025
update_seq_scan_issue_by_id,0.003499
update_seq_scan_issue_by_id,0.002
update_seq_scan_issue_by_id,0.001999
update_seq_scan_issue_by_id,0.002
update_seq_scan_issue_by_id,0.002
update_seq_scan_issue_by_id,0.002
update_seq_scan_issue_by_id,0.002
update_seq_scan_issue_by_id,0.003885
update_seq_scan_issue_by_id,0.002
update_seq_scan_issue_by_id,0.002499
update_seq_scan_issue_by_id,0.002001
update_seq_scan_issue_by_id,0.002499
update_seq_scan_issue_by_id,0.003001
update_seq_scan_issue_by_id,0.0035
update_seq_scan_issue_by_id,0.002501
update_seq_scan_issue_by_id,0.001999
update_seq_scan_issue_by_id,0.002
update_seq_scan_issue_by_id,0.002
update_seq_scan_issue_by_id,0.002501
update_seq_scan_issue_by_id,0.002242
update_seq_scan_issue_by_id,0.002501
update_seq_scan_issue_by_id,0.0015
update_seq_scan_issue_by_id,0.001499
update_seq_scan_issue_by_id,0.002001
update_seq_scan_issue_by_id,0.0015
update_seq_scan_issue_by_id,0.002
update_seq_scan_issue_by_id,0.001498
update_seq_scan_issue_by_id,0.002001
update_seq_scan_issue_by_id,0.003
update_seq_scan_issue_by_id,0.001999
update_seq_scan_issue_by_id,0.001498
update_seq_scan_issue_by_id,0.001501
update_seq_scan_issue_by_id,0.001999
update_seq_scan_issue_by_id,0.002001
update_seq_scan_issue_by_id,0.0015
update_seq_scan_issue_by_id,0.003272
update_seq_scan_issue_by_id,0.0015
update_seq_scan_issue_by_id,0.002
update_seq_scan_issue_by_id,0.0015
update_seq_scan_issue_by_id,0.001631
update_seq_scan_issue_by_id,0.001499
update_seq_scan_issue_by_id,0.0015
update_seq_scan_issue_by_id,0.001501
update_seq_scan_issue_by_id,0.002999
update_seq_scan_issue_by_id,0.001498
update_seq_scan_issue_by_id,0.0015
update_seq_scan_issue_by_id,0.001499
update_seq_scan_issue_by_id,0.0015
update_seq_scan_issue_by_id,0.001604
update_seq_scan_issue_by_id,0.001573
update_seq_scan_issue_by_id,0.00159
update_seq_scan_issue_by_id,0.001584
update_seq_scan_issue_by_id,0.002779
update_seq_scan_issue_by_id,0.002501
update_seq_scan_issue_by_id,0.001999
update_seq_scan_issue_by_id,0.001885
update_seq_scan_issue_by_id,0.002499
update_seq_scan_issue_by_id,0.002502
update_seq_scan_issue_by_id,0.002999
update_seq_scan_issue_by_id,0.004148
update_seq_scan_issue_by_id,0.003353
update_seq_scan_issue_by_id,0.004501
update_seq_scan_issue_by_id,0.003499
update_seq_scan_issue_by_id,0.006003
update_seq_scan_issue_by_id,0.004129
update_seq_scan_issue_by_id,0.003001
update_seq_scan_issue_by_id,0.003003
update_seq_scan_issue_by_id,0.005357
update_seq_scan_issue_by_id,0.002501
update_seq_scan_issue_by_id,0.003501
update_seq_scan_issue_by_id,0.006147
update_seq_scan_issue_by_id,0.003465
update_seq_scan_issue_by_id,0.002499
update_seq_scan_issue_by_id,0.002001
update_seq_scan_issue_by_id,0.002001
update_seq_scan_issue_by_id,0.0025
update_seq_scan_issue_by_id,0.003499
update_seq_scan_issue_by_id,0.002501
update_seq_scan_issue_by_id,0.002001
update_seq_scan_issue_by_id,0.002498
update_seq_scan_issue_by_id,0.0025
update_seq_scan_issue_by_id,0.004002
update_seq_scan_issue_by_id,0.002936
update_seq_scan_issue_by_id,0.001999
update_seq_scan_issue_by_id,0.002001
update_seq_scan_issue_by_id,0.002
update_seq_scan_issue_by_id,0.0025
update_seq_scan_issue_by_id,0.003502
update_seq_scan_issue_by_id,0.002998
update_seq_scan_issue_by_id,0.002502
update_seq_scan_issue_by_id,0.002497
update_seq_scan_issue_by_id,0.002502
update_seq_scan_issue_by_id,0.002
update_seq_scan_issue_by_id,0.004159
update_seq_scan_issue_by_id,0.002502
update_seq_scan_issue_by_id,0.003001
update_seq_scan_issue_by_id,0.002499
update_seq_scan_issue_by_id,0.001999
update_seq_scan_issue_by_id,0.002499
update_seq_scan_issue_by_id,0.0035
update_seq_scan_issue_by_id,0.0025
update_seq_scan_issue_by_id,0.002577
update_seq_scan_issue_by_id,0.002146
update_seq_scan_issue_by_id,0.002708
update_seq_scan_issue_by_id,0.002
update_seq_scan_issue_by_id,0.001499
update_seq_scan_issue_by_id,0.003
update_seq_scan_issue_by_id,0.0015
update_seq_scan_issue_by_id,0.001999
update_seq_scan_issue_by_id,0.001999
update_seq_scan_issue_by_id,0.002002
update_seq_scan_issue_by_id,0.001998
update_seq_scan_issue_by_id,0.002
update_seq_scan_issue_by_id,0.0035
update_seq_scan_issue_by_id,0.002
update_seq_scan_issue_by_id,0.001498
update_seq_scan_issue_by_id,0.002207
update_seq_scan_issue_by_id,0.002171
update_seq_scan_issue_by_id,0.002499
update_seq_scan_issue_by_id,0.004608
update_seq_scan_issue_by_id,0.002498
update_seq_scan_issue_by_id,0.002502
update_seq_scan_issue_by_id,0.002499
update_seq_scan_issue_by_id,0.002499
update_seq_scan_issue_by_id,0.002501
update_seq_scan_issue_by_id,0.0035
update_seq_scan_issue_by_id,0.002368
update_seq_scan_issue_by_id,0.002845
update_seq_scan_issue_by_id,0.002499
update_seq_scan_issue_by_id,0.002499
update_seq_scan_issue_by_id,0.003002
update_seq_scan_issue_by_id,0.003001
update_seq_scan_issue_by_id,0.001718
update_seq_scan_issue_by_id,0.002001
update_seq_scan_issue_by_id,0.0025
update_seq_scan_issue_by_id,0.002499
update_seq_scan_issue_by_id,0.003502
update_seq_scan_issue_by_id,0.003367
update_seq_scan_issue_by_id,0.002499
update_seq_scan_issue_by_id,0.0025
update_seq_scan_issue_by_id,0.003001
update_seq_scan_issue_by_id,0.0035
update_seq_scan_issue_by_id,0.003499
update_seq_scan_issue_by_id,0.002001
update_seq_scan_issue_by_id,0.001998
update_seq_scan_issue_by_id,0.0025
update_seq_scan_issue_by_id,0.002
update_seq_scan_issue_by_id,0.002886
update_seq_scan_issue_by_id,0.002596
update_seq_scan_issue_by_id,0.002
update_seq_scan_issue_by_id,0.001999
update_seq_scan_issue_by_id,0.00222
update_seq_scan_issue_by_id,0.002002
update_seq_scan_issue_by_id,0.002497
update_seq_scan_issue_by_id,0.005001
update_seq_scan_issue_by_id,0.003499
update_seq_scan_issue_by_id,0.003499
update_seq_scan_issue_by_id,0.002502
update_seq_scan_issue_by_id,0.004003
update_seq_scan_issue_by_id,0.002999
update_seq_scan_issue_by_id,0.0025
update_seq_scan_issue_by_id,0.0025
update_seq_scan_issue_by_id,0.002502
update_seq_scan_issue_by_id,0.003001
update_seq_scan_issue_by_id,0.003789
update_seq_scan_issue_by_id,0.002502
update_seq_scan_issue_by_id,0.002999
update_seq_scan_issue_by_id,0.002501
update_seq_scan_issue_by_id,0.003001
update_seq_scan_issue_by_id,0.004
update_seq_scan_issue_by_id,0.002502
update_seq_scan_issue_by_id,0.002498
update_seq_scan_issue_by_id,0.002277
update_seq_scan_issue_by_id,0.003497
update_seq_scan_issue_by_id,0.004
update_seq_scan_issue_by_id,0.002502
update_seq_scan_issue_by_id,0.002641
update_seq_scan_issue_by_id,0.0025
update_seq_scan_issue_by_id,0.002001
update_seq_scan_issue_by_id,0.003
update_seq_scan_issue_by_id,0.0025
update_seq_scan_issue_by_id,0.002005
update_seq_scan_issue_by_id,0.002004
update_seq_scan_issue_by_id,0.002159
update_seq_scan_issue_by_id,0.002504
update_seq_scan_issue_by_id,0.001929
update_seq_scan_issue_by_id,0.002497
update_seq_scan_issue_by_id,0.003001
update_seq_scan_issue_by_id,0.002
update_seq_scan_issue_by_id,0.002001
update_seq_scan_issue_by_id,0.001501
update_seq_scan_issue_by_id,0.001499
update_seq_scan_issue_by_id,0.001502
update_seq_scan_issue_by_id,0.002
update_seq_scan_issue_by_id,0.001499
update_seq_scan_issue_by_id,0.003
update_seq_scan_issue_by_id,0.002007
update_seq_scan_issue_by_id,0.002001
update_seq_scan_issue_by_id,0.002045
update_seq_scan_issue_by_id,0.002501
update_seq_scan_issue_by_id,0.001999
update_seq_scan_issue_by_id,0.002001
update_seq_scan_issue_by_id,0.003312
update_seq_scan_issue_by_id,0.002999
update_seq_scan_issue_by_id,0.002823
update_seq_scan_issue_by_id,0.001999
update_seq_scan_issue_by_id,0.0025
update_seq_scan_issue_by_id,0.002001
update_seq_scan_issue_by_id,0.003003
update_seq_scan_issue_by_id,0.002
update_seq_scan_issue_by_id,0.002002
update_seq_scan_issue_by_id,0.001997
update_seq_scan_issue_by_id,0.002002
update_seq_scan_issue_by_id,0.002
update_seq_scan_issue_by_id,0.001497
update_seq_scan_issue_by_id,0.002
update_seq_scan_issue_by_id,0.0035
update_seq_scan_issue_by_id,0.0025
update_seq_scan_issue_by_id,0.002499
update_seq_scan_issue_by_id,0.002001
update_seq_scan_issue_by_id,0.002501
update_seq_scan_issue_by_id,0.0025
update_seq_scan_issue_by_id,0.002999
update_seq_scan_issue_by_id,0.002
update_seq_scan_issue_by_id,0.001999
update_seq_scan_issue_by_id,0.002001
update_seq_scan_issue_by_id,0.001999
update_seq_scan_issue_by_id,0.001999
update_seq_scan_issue_by_id,0.003695
update_seq_scan_issue_by_id,0.004001
update_seq_scan_issue_by_id,0.002998
update_seq_scan_issue_by_id,0.001999
update_seq_scan_issue_by_id,0.001999
update_seq_scan_issue_by_id,0.0035
update_seq_scan_issue_by_id,0.003501
update_seq_scan_issue_by_id,0.002499
update_seq_scan_issue_by_id,0.002502
update_seq_scan_issue_by_id,0.0025
update_seq_scan_issue_by_id,0.003502
update_seq_scan_issue_by_id,0.003979
update_seq_scan_issue_by_id,0.0025
update_seq_scan_issue_by_id,0.002122
update_seq_scan_issue_by_id,0.001878
update_seq_scan_issue_by_id,0.002422
update_seq_scan_issue_by_id,0.004009
update_seq_scan_issue_by_id,0.003002
update_seq_scan_issue_by_id,0.00248
update_seq_scan_issue_by_id,0.002607
update_seq_scan_issue_by_id,0.002863
update_seq_scan_issue_by_id,0.0025
update_seq_scan_issue_by_id,0.00439
update_seq_scan_issue_by_id,0.002394
update_seq_scan_issue_by_id,0.002499
update_seq_scan_issue_by_id,0.00284
update_seq_scan_issue_by_id,0.002777
update_seq_scan_issue_by_id,0.003858
update_seq_scan_issue_by_id,0.002311
update_seq_scan_issue_by_id,0.002
update_seq_scan_issue_by_id,0.002847
update_seq_scan_issue_by_id,0.002035
update_seq_scan_issue_by_id,0.002671
update_seq_scan_issue_by_id,0.003991
update_seq_scan_issue_by_id,0.002378
update_seq_scan_issue_by_id,0.00207
update_seq_scan_issue_by_id,0.001998
update_seq_scan_issue_by_id,0.0025
update_seq_scan_issue_by_id,0.002002
update_seq_scan_issue_by_id,0.003501
update_seq_scan_issue_by_id,0.002501
update_seq_scan_issue_by_id,0.002502
update_seq_scan_issue_by_id,0.002
update_seq_scan_issue_by_id,0.001999
update_seq_scan_issue_by_id,0.001998
update_seq_scan_issue_by_id,0.002703
update_seq_scan_issue_by_id,0.003498
update_seq_scan_issue_by_id,0.002502
update_seq_scan_issue_by_id,0.001501
update_seq_scan_issue_by_id,0.002
update_seq_scan_issue_by_id,0.001998
update_seq_scan_issue_by_id,0.003001
update_seq_scan_issue_by_id,0.002999
update_seq_scan_issue_by_id,0.002002
update_seq_scan_issue_by_id,0.0015
update_seq_scan_issue_by_id,0.001499
update_seq_scan_issue_by_id,0.001501
update_seq_scan_issue_by_id,0.0015
update_seq_scan_issue_by_id,0.001499
update_seq_scan_issue_by_id,0.001499
update_seq_scan_issue_by_id,0.002501
update_seq_scan_issue_by_id,0.002029
update_seq_scan_issue_by_id,0.001503
update_seq_scan_issue_by_id,0.001999
update_seq_scan_issue_by_id,0.002001
update_seq_scan_issue_by_id,0.002
update_seq_scan_issue_by_id,0.002
update_seq_scan_issue_by_id,0.004034
update_seq_scan_issue_by_id,0.0025
update_seq_scan_issue_by_id,0.0025
update_seq_scan_issue_by_id,0.0025
update_seq_scan_issue_by_id,0.0025
update_seq_scan_issue_by_id,0.002
update_seq_scan_issue_by_id,0.0045
update_seq_scan_issue_by_id,0.003498
update_seq_scan_issue_by_id,0.002003
update_seq_scan_issue_by_id,0.002501
update_seq_scan_issue_by_id,0.002499
update_seq_scan_issue_by_id,0.003499
update_seq_scan_issue_by_id,0.0035
update_seq_scan_issue_by_id,0.002501
update_seq_scan_issue_by_id,0.002499
update_seq_scan_issue_by_id,0.002502
update_seq_scan_issue_by_id,0.002499
update_seq_scan_issue_by_id,0.0035
update_seq_scan_issue_by_id,0.001999
update_seq_scan_issue_by_id,0.001998
update_seq_scan_issue_by_id,0.001501
update_seq_scan_issue_by_id,0.002
update_seq_scan_issue_by_id,0.002088
update_seq_scan_issue_by_id,0.002
update_seq_scan_issue_by_id,0.003002
update_seq_scan_issue_by_id,0.002498
update_seq_scan_issue_by_id,0.002001
update_seq_scan_issue_by_id,0.001998
update_seq_scan_issue_by_id,0.001498
update_seq_scan_issue_by_id,0.002404
update_seq_scan_issue_by_id,0.002501
update_seq_scan_issue_by_id,0.003498
update_seq_scan_issue_by_id,0.001977
